policy,operator,identities,seats,seats_per_identity,identity_spend_usd,cost_per_seat_usd,identities_per_seat
fcfs_live,humans,1500,400,0.26666666666666666,4500.0,11.25,3.75
fcfs_live,lab-api-scraper,15,4,0.26666666666666666,45.0,11.25,3.75
fcfs_live,lab-claim-sniper,8,4,0.5,24.0,6.0,2.0
fcfs_live,lab-crypto-swarm,12,24,2.0,36.0,1.5,0.5
fcfs_live,lab-flood-bot,10,4,0.4,30.0,7.5,2.5
fcfs_live,lab-proxy-rotator,35,9,0.2571428571428571,105.0,11.666666666666666,3.888888888888889
fcfs_live,lab-retry-bot,12,9,0.75,36.0,4.0,1.3333333333333333
fcfs_live,lab-smart-scraper,10,4,0.4,30.0,7.5,2.5
fcfs_live,lab-speed-bot,15,20,1.3333333333333333,45.0,2.25,0.75
fcfs_live,lab-state-sniper,10,12,1.2,30.0,2.5,0.8333333333333334
fcfs_live,lab-sybil-operator,25,10,0.4,75.0,7.5,2.5
fcfs_live,lab-ui-mimic,10,0,0.0,30.0,,
