endpoint,requests,rps,p50_ms,p95_ms,p99_ms,errors,error_rate,rejected_by_design
POST /test/login,1662,12.9,2.88,43.81,64.27,0,0.0,0
GET /healthz (clock sync),211,1.6,1.05,1.46,2.15,0,0.0,0
GET /drops/{id},2103,16.3,1.6,12.9,43.67,0,0.0,0
POST /drops/{id}/test-token,3065,23.8,5.21,44.84,75.42,0,0.0,1415
POST /drops/{id}/register,9218,71.5,6.64,29.85,63.29,0,0.0,6511
GET site page (scraper),8,0.1,28.46,114.5,114.5,0,0.0,0
POST /drops/{id}/token,12,0.1,7.47,11.47,11.47,0,0.0,0
POST /drops/{id}/test-link,12,0.1,3.46,9.78,9.78,0,0.0,0
GET site script (scraper),48,0.4,11.37,35.89,45.46,0,0.0,0
GET /drops,10,0.1,3.68,72.62,72.62,0,0.0,0
GET /drops/{id}/seats,10,0.1,8.3,51.04,51.04,0,0.0,0
POST /drops/{id}/register-fast,15,0.1,6.14,21.92,21.92,0,0.0,0
